"Data Source","World Development Indicators",

"Last Updated Date","2019-03-21",

"Country Name","Country Code","Indicator Name","Indicator Code","1960","1961","1962","1963","1964","1965","1966","1967","1968","1969","1970","1971","1972","1973","1974","1975","1976","1977","1978","1979","1980","1981","1982","1983","1984","1985","1986","1987","1988","1989","1990","1991","1992","1993","1994","1995","1996","1997","1998","1999","2000","2001","2002","2003","2004","2005","2006","2007","2008","2009","2010","2011","2012","2013","2014","2015","2016","2017","2018",
"Aruba","ABW","Secure Internet servers","IT.NET.SECR","","","","","","","","","","","","","","","","","","","","","","","","","","","","","","","","","","","","","","","","","","","","","","","","","","","9","13","26","44","59","79","123","103","122",
"Afghanistan","AFG","Secure Internet servers","IT.NET.SECR","","","","","","","","","","","","","","","","","","","","","","","","","","","","","","","","","","","","","","","","","","","","","","","","","","","14","16","38","46","57","74","426","1577","1965",
"Angola","AGO","Secure Internet servers","IT.NET.SECR","","","","","","","","","","","","","","","","","","","","","","","","","","","","","","","","","","","","","","","","","","","","","","","","","","","30","45","80","119","160","227","240","322","345",
"Albania","ALB","Secure Internet servers","IT.NET.SECR","","","","","","","","","","","","","","","","","","","","","","","","","","","","","","","","","","","","","","","","","","","","","","","","","","","12","24","74","103","151","197","416","1273","1508",
"Andorra","AND","Secure Internet servers","IT.NET.SECR","","","","","","","","","","","","","","","","","","","","","","","","","","","","","","","","","","","","","","","","","","","","","","","","","","","58","79","92","79","87","158","219","263","400",
"Arab World","ARB","Secure Internet servers","IT.NET.SECR","","","","","","","","","","","","","","","","","","","","","","","","","","","","","","","","","","","","","","","","","","","","","","","","","","","","","","","","","","","",
"United Arab Emirates","ARE","Secure Internet servers","IT.NET.SECR","","","","","","","","","","","","","","","","","","","","","","","","","","","","","","","","","","","","","","","","","","","","","","","","","","","785","1124","2167","2533","3382","5434","8787","12192","14292",
"Argentina","ARG","Secure Internet servers","IT.NET.SECR","","","","","","","","","","","","","","","","","","","","","","","","","","","","","","","","","","","","","","","","","","","","","","","","","","","1028","1404","2643","3117","3837","5317","32040","71731","83320",
"Armenia","ARM","Secure Internet servers","IT.NET.SECR","","","","","","","","","","","","","","","","","","","","","","","","","","","","","","","","","","","","","","","","","","","","","","","","","","","30","54","87","158","182","224","557","799","989",
"American Samoa","ASM","Secure Internet servers","IT.NET.SECR","","","","","","","","","","","","","","","","","","","","","","","","","","","","","","","","","","","","","","","","","","","","","","","","","","","3","1","1","0","24","1","10","55","25",
"Antigua and Barbuda","ATG","Secure Internet servers","IT.NET.SECR","","","","","","","","","","","","","","","","","","","","","","","","","","","","","","","","","","","","","","","","","","","","","","","","","","","60","73","47","65","72","65","76","85","81",
"Australia","AUS","Secure Internet servers","IT.NET.SECR","","","","","","","","","","","","","","","","","","","","","","","","","","","","","","","","","","","","","","","","","","","","","","","","","","","30906","48509","72472","81067","92461","108937","237318","530042","822020",
"Austria","AUT","Secure Internet servers","IT.NET.SECR","","","","","","","","","","","","","","","","","","","","","","","","","","","","","","","","","","","","","","","","","","","","","","","","","","","5772","8966","13601","15751","20044","26636","38878","65381","147681",
"Azerbaijan","AZE","Secure Internet servers","IT.NET.SECR","","","","","","","","","","","","","","","","","","","","","","","","","","","","","","","","","","","","","","","","","","","","","","","","","","","23","45","100","158","219","321","994","2557","3274",
"Burundi","BDI","Secure Internet servers","IT.NET.SECR","","","","","","","","","","","","","","","","","","","","","","","","","","","","","","","","","","","","","","","","","","","","","","","","","","","4","4","4","3","6","8","16","50","67",
"Belgium","BEL","Secure Internet servers","IT.NET.SECR","","","","","","","","","","","","","","","","","","","","","","","","","","","","","","","","","","","","","","","","","","","","","","","","","","","4378","6600","10633","14067","18047","22982","34530","94420","159673",
"Benin","BEN","Secure Internet servers","IT.NET.SECR","","","","","","","","","","","","","","","","","","","","","","","","","","","","","","","","","","","","","","","","","","","","","","","","","","","1","3","9","10","11","24","27","47","84",
"Burkina Faso","BFA","Secure Internet servers","IT.NET.SECR","","","","","","","","","","","","","","","","","","","","","","","","","","","","","","","","","","","","","","","","","","","","","","","","","","","4","4","10","12","13","27","34","37","50",
"Bangladesh","BGD","Secure Internet servers","IT.NET.SECR","","","","","","","","","","","","","","","","","","","","","","","","","","","","","","","","","","","","","","","","","","","","","","","","","","","30","73","111","146","202","314","3731","10413","18712",
"Bulgaria","BGR","Secure Internet servers","IT.NET.SECR","","","","","","","","","","","","","","","","","","","","","","","","","","","","","","","","","","","","","","","","","","","","","","","","","","","461","745","1839","2343","4589","4880","28821","228612","268524",
"Bahrain","BHR","Secure Internet servers","IT.NET.SECR","","","","","","","","","","","","","","","","","","","","","","","","","","","","","","","","","","","","","","","","","","","","","","","","","","","93","140","271","326","386","450","494","537","582",
"Bahamas, The","BHS","Secure Internet servers","IT.NET.SECR","","","","","","","","","","","","","","","","","","","","","","","","","","","","","","","","","","","","","","","","","","","","","","","","","","","130","149","193","228","274","375","398","576","909",
"Bosnia and Herzegovina","BIH","Secure Internet servers","IT.NET.SECR","","","","","","","","","","","","","","","","","","","","","","","","","","","","","","","","","","","","","","","","","","","","","","","","","","","44","66","122","147","215","282","638","5024","6431",
"Belarus","BLR","Secure Internet servers","IT.NET.SECR","","","","","","","","","","","","","","","","","","","","","","","","","","","","","","","","","","","","","","","","","","","","","","","","","","","48","86","241","366","579","1021","4171","21465","32440",
"Belize","BLZ","Secure Internet servers","IT.NET.SECR","","","","","","","","","","","","","","","","","","","","","","","","","","","","","","","","","","","","","","","","","","","","","","","","","","","69","93","331","351","295","412","559","3007","4442",
"Bermuda","BMU","Secure Internet servers","IT.NET.SECR","","","","","","","","","","","","","","","","","","","","","","","","","","","","","","","","","","","","","","","","","","","","","","","","","","","232","357","433","474","506","528","525","503","521",
"Bolivia","BOL","Secure Internet servers","IT.NET.SECR","","","","","","","","","","","","","","","","","","","","","","","","","","","","","","","","","","","","","","","","","","","","","","","","","","","58","83","109","150","198","290","418","1226","1478",
"Brazil","BRA","Secure Internet servers","IT.NET.SECR","","","","","","","","","","","","","","","","","","","","","","","","","","","","","","","","","","","","","","","","","","","","","","","","","","","5529","8709","14059","17456","22778","32503","84536","328718","426560",
"Barbados","BRB","Secure Internet servers","IT.NET.SECR","","","","","","","","","","","","","","","","","","","","","","","","","","","","","","","","","","","","","","","","","","","","","","","","","","","53","70","83","109","136","164","184","220","249",
"Brunei Darussalam","BRN","Secure Internet servers","IT.NET.SECR","","","","","","","","","","","","","","","","","","","","","","","","","","","","","","","","","","","","","","","","","","","","","","","","","","","16","23","49","61","99","238","257","688","853",
"Bhutan","BTN","Secure Internet servers","IT.NET.SECR","","","","","","","","","","","","","","","","","","","","","","","","","","","","","","","","","","","","","","","","","","","","","","","","","","","1","2","8","7","13","14","27","88","134",
"Botswana","BWA","Secure Internet servers","IT.NET.SECR","","","","","","","","","","","","","","","","","","","","","","","","","","","","","","","","","","","","","","","","","","","","","","","","","","","9","12","20","22","40","75","110","151","301",
"Central African Republic","CAF","Secure Internet servers","IT.NET.SECR","","","","","","","","","","","","","","","","","","","","","","","","","","","","","","","","","","","","","","","","","","","","","","","","","","","","","","0","1","1","1","2","3",
"Canada","CAN","Secure Internet servers","IT.NET.SECR","","","","","","","","","","","","","","","","","","","","","","","","","","","","","","","","","","","","","","","","","","","","","","","","","","","43618","56383","74500","82897","95604","120922","369091","970834","1147057",
"Central Europe and the Baltics","CEB","Secure Internet servers","IT.NET.SECR","","","","","","","","","","","","","","","","","","","","","","","","","","","","","","","","","","","","","","","","","","","","","","","","","","","","","","","","","","","",
"Switzerland","CHE","Secure Internet servers","IT.NET.SECR","","","","","","","","","","","","","","","","","","","","","","","","","","","","","","","","","","","","","","","","","","","","","","","","","","","11343","19299","27881","31993","40108","57464","143994","278505","580292",
"Channel Islands","CHI","Secure Internet servers","IT.NET.SECR","","","","","","","","","","","","","","","","","","","","","","","","","","","","","","","","","","","","","","","","","","","","","","","","","","","","","","","","","","","",
"Chile","CHL","Secure Internet servers","IT.NET.SECR","","","","","","","","","","","","","","","","","","","","","","","","","","","","","","","","","","","","","","","","","","","","","","","","","","","790","1110","1791","2239","2933","4025","22528","134062","151206",
"China","CHN","Secure Internet servers","IT.NET.SECR","","","","","","","","","","","","","","","","","","","","","","","","","","","","","","","","","","","","","","","","","","","","","","","","","","","1604","2631","5100","6999","13314","26989","66054","289923","622142",
"Cote d'Ivoire","CIV","Secure Internet servers","IT.NET.SECR","","","","","","","","","","","","","","","","","","","","","","","","","","","","","","","","","","","","","","","","","","","","","","","","","","","11","14","39","54","78","117","144","212","292",
"Cameroon","CMR","Secure Internet servers","IT.NET.SECR","","","","","","","","","","","","","","","","","","","","","","","","","","","","","","","","","","","","","","","","","","","","","","","","","","","7","9","19","28","41","52","67","210","137",
"Congo, Dem. Rep.","COD","Secure Internet servers","IT.NET.SECR","","","","","","","","","","","","","","","","","","","","","","","","","","","","","","","","","","","","","","","","","","","","","","","","","","","4","5","12","11","26","39","50","208","237",
"Congo, Rep.","COG","Secure Internet servers","IT.NET.SECR","","","","","","","","","","","","","","","","","","","","","","","","","","","","","","","","","","","","","","","","","","","","","","","","","","","0","1","8","9","15","18","23","24","32",
"Colombia","COL","Secure Internet servers","IT.NET.SECR","","","","","","","","","","","","","","","","","","","","","","","","","","","","","","","","","","","","","","","","","","","","","","","","","","","475","680","1401","1923","2571","3389","15415","22640","32338",
"Comoros","COM","Secure Internet servers","IT.NET.SECR","","","","","","","","","","","","","","","","","","","","","","","","","","","","","","","","","","","","","","","","","","","","","","","","","","","0","1","0","1","3","1","47","4","6",
"Cabo Verde","CPV","Secure Internet servers","IT.NET.SECR","","","","","","","","","","","","","","","","","","","","","","","","","","","","","","","","","","","","","","","","","","","","","","","","","","","12","14","31","32","39","39","60","140","271",
"Costa Rica","CRI","Secure Internet servers","IT.NET.SECR","","","","","","","","","","","","","","","","","","","","","","","","","","","","","","","","","","","","","","","","","","","","","","","","","","","474","639","767","1294","1463","1517","2400","5749","6029",
"Caribbean small states","CSS","Secure Internet servers","IT.NET.SECR","","","","","","","","","","","","","","","","","","","","","","","","","","","","","","","","","","","","","","","","","","","","","","","","","","","","","","","","","","","",
"Cuba","CUB","Secure Internet servers","IT.NET.SECR","","","","","","","","","","","","","","","","","","","","","","","","","","","","","","","","","","","","","","","","","","","","","","","","","","","1","0","0","","1","1","32","96","182",
"Curacao","CUW","Secure Internet servers","IT.NET.SECR","","","","","","","","","","","","","","","","","","","","","","","","","","","","","","","","","","","","","","","","","","","","","","","","","","","0","0","2","202","227","399","465","507","605",
"Cayman Islands","CYM","Secure Internet servers","IT.NET.SECR","","","","","","","","","","","","","","","","","","","","","","","","","","","","","","","","","","","","","","","","","","","","","","","","","","","95","170","232","225","264","307","327","384","740",
"Cyprus","CYP","Secure Internet servers","IT.NET.SECR","","","","","","","","","","","","","","","","","","","","","","","","","","","","","","","","","","","","","","","","","","","","","","","","","","","307","457","1710","1122","2796","2760","5325","20484","7578",
"Czech Republic","CZE","Secure Internet servers","IT.NET.SECR","","","","","","","","","","","","","","","","","","","","","","","","","","","","","","","","","","","","","","","","","","","","","","","","","","","3200","4934","8773","11354","14921","21607","126705","269310","450120",
"Germany","DEU","Secure Internet servers","IT.NET.SECR","","","","","","","","","","","","","","","","","","","","","","","","","","","","","","","","","","","","","","","","","","","","","","","","","","","85810","118157","176527","209774","271517","351083","957300","2825322","4676435",
"Djibouti","DJI","Secure Internet servers","IT.NET.SECR","","","","","","","","","","","","","","","","","","","","","","","","","","","","","","","","","","","","","","","","","","","","","","","","","","","4","6","1","4","8","10","11","21","36",
"Dominica","DMA","Secure Internet servers","IT.NET.SECR","","","","","","","","","","","","","","","","","","","","","","","","","","","","","","","","","","","","","","","","","","","","","","","","","","","3","5","14","12","16","19","382","498","475",
"Denmark","DNK","Secure Internet servers","IT.NET.SECR","","","","","","","","","","","","","","","","","","","","","","","","","","","","","","","","","","","","","","","","","","","","","","","","","","","8810","13192","17135","19419","24548","34129","137709","252263","713512",
"Dominican Republic","DOM","Secure Internet servers","IT.NET.SECR","","","","","","","","","","","","","","","","","","","","","","","","","","","","","","","","","","","","","","","","","","","","","","","","","","","115","135","239","270","348","477","970","1032","1293",
"Algeria","DZA","Secure Internet servers","IT.NET.SECR","","","","","","","","","","","","","","","","","","","","","","","","","","","","","","","","","","","","","","","","","","","","","","","","","","","13","18","46","68","94","152","309","2621","2855",
"East Asia & Pacific (excluding high income)","EAP","Secure Internet servers","IT.NET.SECR","","","","","","","","","","","","","","","","","","","","","","","","","","","","","","","","","","","","","","","","","","","","","","","","","","","","","","","","","","","",
"Early-demographic dividend","EAR","Secure Internet servers","IT.NET.SECR","","","","","","","","","","","","","","","","","","","","","","","","","","","","","","","","","","","","","","","","","","","","","","","","","","","","","","","","","","","",
"East Asia & Pacific","EAS","Secure Internet servers","IT.NET.SECR","","","","","","","","","","","","","","","","","","","","","","","","","","","","","","","","","","","","","","","","","","","","","","","","","","","","","","","","","","","",
"Europe & Central Asia (excluding high income)","ECA","Secure Internet servers","IT.NET.SECR","","","","","","","","","","","","","","","","","","","","","","","","","","","","","","","","","","","","","","","","","","","","","","","","","","","","","","","","","","","",
"Europe & Central Asia","ECS","Secure Internet servers","IT.NET.SECR","","","","","","","","","","","","","","","","","","","","","","","","","","","","","","","","","","","","","","","","","","","","","","","","","","","","","","","","","","","",
"Ecuador","ECU","Secure Internet servers","IT.NET.SECR","","","","","","","","","","","","","","","","","","","","","","","","","","","","","","","","","","","","","","","","","","","","","","","","","","","159","211","371","482","665","1319","1988","3524","4538",
"Egypt, Arab Rep.","EGY","Secure Internet servers","IT.NET.SECR","","","","","","","","","","","","","","","","","","","","","","","","","","","","","","","","","","","","","","","","","","","","","","","","","","","205","252","437","563","725","975","1388","3490","3456",
"Euro area","EMU","Secure Internet servers","IT.NET.SECR","","","","","","","","","","","","","","","","","","","","","","","","","","","","","","","","","","","","","","","","","","","","","","","","","","","","","","","","","","","",
"Eritrea","ERI","Secure Internet servers","IT.NET.SECR","","","","","","","","","","","","","","","","","","","","","","","","","","","","","","","","","","","","","","","","","","","","","","","","","","","1","1","0","0","","0","0","0","1",
"Spain","ESP","Secure Internet servers","IT.NET.SECR","","","","","","","","","","","","","","","","","","","","","","","","","","","","","","","","","","","","","","","","","","","","","","","","","","","9644","12387","18879","22766","29090","41316","128415","337663","528944",
"Estonia","EST","Secure Internet servers","IT.NET.SECR","","","","","","","","","","","","","","","","","","","","","","","","","","","","","","","","","","","","","","","","","","","","","","","","","","","713","970","1661","2127","2885","4105","14193","38377","64636",
"Ethiopia","ETH","Secure Internet servers","IT.NET.SECR","","","","","","","","","","","","","","","","","","","","","","","","","","","","","","","","","","","","","","","","","","","","","","","","","","","3","4","24","28","36","33","42","76","160",
"European Union","EUU","Secure Internet servers","IT.NET.SECR","","","","","","","","","","","","","","","","","","","","","","","","","","","","","","","","","","","","","","","","","","","","","","","","","","","","","","","","","","","",
"Fragile and conflict affected situations","FCS","Secure Internet servers","IT.NET.SECR","","","","","","","","","","","","","","","","","","","","","","","","","","","","","","","","","","","","","","","","","","","","","","","","","","","","","","","","","","","",
"Finland","FIN","Secure Internet servers","IT.NET.SECR","","","","","","","","","","","","","","","","","","","","","","","","","","","","","","","","","","","","","","","","","","","","","","","","","","","5457","8519","11939","13736","16433","18604","39189","122966","187523",
"Fiji","FJI","Secure Internet servers","IT.NET.SECR","","","","","","","","","","","","","","","","","","","","","","","","","","","","","","","","","","","","","","","","","","","","","","","","","","","13","21","41","43","64","79","99","131","153",
"France","FRA","Secure Internet servers","IT.NET.SECR","","","","","","","","","","","","","","","","","","","","","","","","","","","","","","","","","","","","","","","","","","","","","","","","","","","18081","26229","40871","54208","78843","126340","446252","991690","1367541",
"Faroe Islands","FRO","Secure Internet servers","IT.NET.SECR","","","","","","","","","","","","","","","","","","","","","","","","","","","","","","","","","","","","","","","","","","","","","","","","","","","83","108","150","166","174","177","178","190","225",
"Micronesia, Fed. Sts.","FSM","Secure Internet servers","IT.NET.SECR","","","","","","","","","","","","","","","","","","","","","","","","","","","","","","","","","","","","","","","","","","","","","","","","","","","3","8","12","11","13","15","17","18","21",
"Gabon","GAB","Secure Internet servers","IT.NET.SECR","","","","","","","","","","","","","","","","","","","","","","","","","","","","","","","","","","","","","","","","","","","","","","","","","","","4","31","14","22","23","32","45","58","56",
"United Kingdom","GBR","Secure Internet servers","IT.NET.SECR","","","","","","","","","","","","","","","","","","","","","","","","","","","","","","","","","","","","","","","","","","","","","","","","","","","82563","114622","159285","181643","210025","285617","570586","1400176","1811830",
"Georgia","GEO","Secure Internet servers","IT.NET.SECR","","","","","","","","","","","","","","","","","","","","","","","","","","","","","","","","","","","","","","","","","","","","","","","","","","","36","56","163","237","309","442","1516","8799","8132",
"Ghana","GHA","Secure Internet servers","IT.NET.SECR","","","","","","","","","","","","","","","","","","","","","","","","","","","","","","","","","","","","","","","","","","","","","","","","","","","22","33","70","113","148","200","2761","2744","649",
"Gibraltar","GIB","Secure Internet servers","IT.NET.SECR","","","","","","","","","","","","","","","","","","","","","","","","","","","","","","","","","","","","","","","","","","","","","","","","","","","161","177","266","269","343","387","470","620","555",
"Guinea","GIN","Secure Internet servers","IT.NET.SECR","","","","","","","","","","","","","","","","","","","","","","","","","","","","","","","","","","","","","","","","","","","","","","","","","","","1","1","4","4","6","9","11","19","41",
"Gambia, The","GMB","Secure Internet servers","IT.NET.SECR","","","","","","","","","","","","","","","","","","","","","","","","","","","","","","","","","","","","","","","","","","","","","","","","","","","8","4","6","8","16","17","19","106","56",
"Guinea-Bissau","GNB","Secure Internet servers","IT.NET.SECR","","","","","","","","","","","","","","","","","","","","","","","","","","","","","","","","","","","","","","","","","","","","","","","","","","","","","","","1","3","3","5","4",
"Equatorial Guinea","GNQ","Secure Internet servers","IT.NET.SECR","","","","","","","","","","","","","","","","","","","","","","","","","","","","","","","","","","","","","","","","","","","","","","","","","","","0","1","0","1","3","4","7","0","13",
"Greece","GRC","Secure Internet servers","IT.NET.SECR","","","","","","","","","","","","","","","","","","","","","","","","","","","","","","","","","","","","","","","","","","","","","","","","","","","711","1031","1793","2330","3026","4436","15214","39746","54044",
"Grenada","GRD","Secure Internet servers","IT.NET.SECR","","","","","","","","","","","","","","","","","","","","","","","","","","","","","","","","","","","","","","","","","","","","","","","","","","","10","8","17","19","20","24","31","26","36",
"Greenland","GRL","Secure Internet servers","IT.NET.SECR","","","","","","","","","","","","","","","","","","","","","","","","","","","","","","","","","","","","","","","","","","","","","","","","","","","53","63","101","114","131","157","166","142","172",
"Guatemala","GTM","Secure Internet servers","IT.NET.SECR","","","","","","","","","","","","","","","","","","","","","","","","","","","","","","","","","","","","","","","","","","","","","","","","","","","106","153","221","273","360","463","600","1155","1286",
"Guam","GUM","Secure Internet servers","IT.NET.SECR","","","","","","","","","","","","","","","","","","","","","","","","","","","","","","","","","","","","","","","","","","","","","","","","","","","26","29","37","48","51","115","106","120","142",
"Guyana","GUY","Secure Internet servers","IT.NET.SECR","","","","","","","","","","","","","","","","","","","","","","","","","","","","","","","","","","","","","","","","","","","","","","","","","","","1","4","5","7","11","21","24","25","37",
"High income","HIC","Secure Internet servers","IT.NET.SECR","","","","","","","","","","","","","","","","","","","","","","","","","","","","","","","","","","","","","","","","","","","","","","","","","","","","","","","","","","","",
"Hong Kong SAR, China","HKG","Secure Internet servers","IT.NET.SECR","","","","","","","","","","","","","","","","","","","","","","","","","","","","","","","","","","","","","","","","","","","","","","","","","","","3143","4521","7138","8339","11232","17002","28417","77501","144576",
"Honduras","HND","Secure Internet servers","IT.NET.SECR","","","","","","","","","","","","","","","","","","","","","","","","","","","","","","","","","","","","","","","","","","","","","","","","","","","50","70","93","117","144","185","281","750","717",
"Heavily indebted poor countries (HIPC)","HPC","Secure Internet servers","IT.NET.SECR","","","","","","","","","","","","","","","","","","","","","","","","","","","","","","","","","","","","","","","","","","","","","","","","","","","","","","","","","","","",
"Croatia","HRV","Secure Internet servers","IT.NET.SECR","","","","","","","","","","","","","","","","","","","","","","","","","","","","","","","","","","","","","","","","","","","","","","","","","","","506","739","1336","1689","2122","2672","7199","60251","79937",
"Haiti","HTI","Secure Internet servers","IT.NET.SECR","","","","","","","","","","","","","","","","","","","","","","","","","","","","","","","","","","","","","","","","","","","","","","","","","","","2","4","11","14","25","41","49","50","59",
"Hungary","HUN","Secure Internet servers","IT.NET.SECR","","","","","","","","","","","","","","","","","","","","","","","","","","","","","","","","","","","","","","","","","","","","","","","","","","","1677","2172","3900","5099","6592","9120","40492","133382","188120",
"IBRD only","IBD","Secure Internet servers","IT.NET.SECR","","","","","","","","","","","","","","","","","","","","","","","","","","","","","","","","","","","","","","","","","","","","","","","","","","","","","","","","","","","",
"IDA & IBRD total","IBT","Secure Internet servers","IT.NET.SECR","","","","","","","","","","","","","","","","","","","","","","","","","","","","","","","","","","","","","","","","","","","","","","","","","","","","","","","","","","","",
"IDA total","IDA","Secure Internet servers","IT.NET.SECR","","","","","","","","","","","","","","","","","","","","","","","","","","","","","","","","","","","","","","","","","","","","","","","","","","","","","","","","","","","",
"IDA blend","IDB","Secure Internet servers","IT.NET.SECR","","","","","","","","","","","","","","","","","","","","","","","","","","","","","","","","","","","","","","","","","","","","","","","","","","","","","","","","","","","",
"Indonesia","IDN","Secure Internet servers","IT.NET.SECR","","","","","","","","","","","","","","","","","","","","","","","","","","","","","","","","","","","","","","","","","","","","","","","","","","","396","595","1320","1970","3006","4569","80094","338925","343412",
"IDA only","IDX","Secure Internet servers","IT.NET.SECR","","","","","","","","","","","","","","","","","","","","","","","","","","","","","","","","","","","","","","","","","","","","","","","","","","","","","","","","","","","",
"Isle of Man","IMN","Secure Internet servers","IT.NET.SECR","","","","","","","","","","","","","","","","","","","","","","","","","","","","","","","","","","","","","","","","","","","","","","","","","","","5","21","44","68","89","132","283","380","694",
"India","IND","Secure Internet servers","IT.NET.SECR","","","","","","","","","","","","","","","","","","","","","","","","","","","","","","","","","","","","","","","","","","","","","","","","","","","2061","2842","5704","7880","10941","15313","50723","164791","254032",
"Not classified","INX","Secure Internet servers","IT.NET.SECR","","","","","","","","","","","","","","","","","","","","","","","","","","","","","","","","","","","","","","","","","","","","","","","","","","","","","","","","","","","",
"Ireland","IRL","Secure Internet servers","IT.NET.SECR","","","","","","","","","","","","","","","","","","","","","","","","","","","","","","","","","","","","","","","","","","","","","","","","","","","4375","6907","11346","12215","13078","15020","55844","185553","338734",
"Iran, Islamic Rep.","IRN","Secure Internet servers","IT.NET.SECR","","","","","","","","","","","","","","","","","","","","","","","","","","","","","","","","","","","","","","","","","","","","","","","","","","","92","127","179","238","404","963","5102","18208","40458",
"Iraq","IRQ","Secure Internet servers","IT.NET.SECR","","","","","","","","","","","","","","","","","","","","","","","","","","","","","","","","","","","","","","","","","","","","","","","","","","","1","8","18","30","53","87","152","391","435",
"Iceland","ISL","Secure Internet servers","IT.NET.SECR","","","","","","","","","","","","","","","","","","","","","","","","","","","","","","","","","","","","","","","","","","","","","","","","","","","742","1043","1469","1788","2153","2518","11963","19793","22843",
"Israel","ISR","Secure Internet servers","IT.NET.SECR","","","","","","","","","","","","","","","","","","","","","","","","","","","","","","","","","","","","","","","","","","","","","","","","","","","3388","5056","7123","7740","8287","10936","18114","60711","85381",
"Italy","ITA","Secure Internet servers","IT.NET.SECR","","","","","","","","","","","","","","","","","","","","","","","","","","","","","","","","","","","","","","","","","","","","","","","","","","","7532","11306","18058","22587","29973","38140","79125","468800","740648",
"Jamaica","JAM","Secure Internet servers","IT.NET.SECR","","","","","","","","","","","","","","","","","","","","","","","","","","","","","","","","","","","","","","","","","","","","","","","","","","","68","91","147","203","245","351","354","401","451",
"Jordan","JOR","Secure Internet servers","IT.NET.SECR","","","","","","","","","","","","","","","","","","","","","","","","","","","","","","","","","","","","","","","","","","","","","","","","","","","86","131","250","294","346","426","669","1057","1025",
"Japan","JPN","Secure Internet servers","IT.NET.SECR","","","","","","","","","","","","","","","","","","","","","","","","","","","","","","","","","","","","","","","","","","","","","","","","","","","70810","86878","116093","134421","175217","191255","267900","758209","1476696",
"Kazakhstan","KAZ","Secure Internet servers","IT.NET.SECR","","","","","","","","","","","","","","","","","","","","","","","","","","","","","","","","","","","","","","","","","","","","","","","","","","","57","91","202","296","465","845","4701","22227","25115",
"Kenya","KEN","Secure Internet servers","IT.NET.SECR","","","","","","","","","","","","","","","","","","","","","","","","","","","","","","","","","","","","","","","","","","","","","","","","","","","65","95","229","316","458","619","942","1837","11164",
"Kyrgyz Republic","KGZ","Secure Internet servers","IT.NET.SECR","","","","","","","","","","","","","","","","","","","","","","","","","","","","","","","","","","","","","","","","","","","","","","","","","","","10","8","38","44","82","136","257","639","1075",
"Cambodia","KHM","Secure Internet servers","IT.NET.SECR","","","","","","","","","","","","","","","","","","","","","","","","","","","","","","","","","","","","","","","","","","","","","","","","","","","10","18","44","60","71","158","323","883","1318",
"Kiribati","KIR","Secure Internet servers","IT.NET.SECR","","","","","","","","","","","","","","","","","","","","","","","","","","","","","","","","","","","","","","","","","","","","","","","","","","","0","0","1","1","1","1","3","3","5",
"St. Kitts and Nevis","KNA","Secure Internet servers","IT.NET.SECR","","","","","","","","","","","","","","","","","","","","","","","","","","","","","","","","","","","","","","","","","","","","","","","","","","","27","72","38","33","61","38","46","162","234",
"Korea, Rep.","KOR","Secure Internet servers","IT.NET.SECR","","","","","","","","","","","","","","","","","","","","","","","","","","","","","","","","","","","","","","","","","","","","","","","","","","","8688","10413","13470","17000","20634","28452","36928","61580","106574",
"Kuwait","KWT","Secure Internet servers","IT.NET.SECR","","","","","","","","","","","","","","","","","","","","","","","","","","","","","","","","","","","","","","","","","","","","","","","","","","","236","370","629","790","956","1276","1575","1964","1705",
"Latin America & Caribbean (excluding high income)","LAC","Secure Internet servers","IT.NET.SECR","","","","","","","","","","","","","","","","","","","","","","","","","","","","","","","","","","","","","","","","","","","","","","","","","","","","","","","","","","","",
"Lao PDR","LAO","Secure Internet servers","IT.NET.SECR","","","","","","","","","","","","","","","","","","","","","","","","","","","","","","","","","","","","","","","","","","","","","","","","","","","3","6","12","17","22","28","57","114","144",
"Lebanon","LBN","Secure Internet servers","IT.NET.SECR","","","","","","","","","","","","","","","","","","","","","","","","","","","","","","","","","","","","","","","","","","","","","","","","","","","83","160","272","339","454","547","592","813","1195",
"Liberia","LBR","Secure Internet servers","IT.NET.SECR","","","","","","","","","","","","","","","","","","","","","","","","","","","","","","","","","","","","","","","","","","","","","","","","","","","2","1","2","2","4","4","10","9","11",
"Libya","LBY","Secure Internet servers","IT.NET.SECR","","","","","","","","","","","","","","","","","","","","","","","","","","","","","","","","","","","","","","","","","","","","","","","","","","","7","7","9","36","36","40","926","6174","7345",
"St. Lucia","LCA","Secure Internet servers","IT.NET.SECR","","","","","","","","","","","","","","","","","","","","","","","","","","","","","","","","","","","","","","","","","","","","","","","","","","","8","9","20","23","25","25","33","35","46",
"Latin America & Caribbean","LCN","Secure Internet servers","IT.NET.SECR","","","","","","","","","","","","","","","","","","","","","","","","","","","","","","","","","","","","","","","","","","","","","","","","","","","","","","","","","","","",
"Least developed countries: UN classification","LDC","Secure Internet servers","IT.NET.SECR","","","","","","","","","","","","","","","","","","","","","","","","","","","","","","","","","","","","","","","","","","","","","","","","","","","","","","","","","","","",
"Low income","LIC","Secure Internet servers","IT.NET.SECR","","","","","","","","","","","","","","","","","","","","","","","","","","","","","","","","","","","","","","","","","","","","","","","","","","","","","","","","","","","",
"Liechtenstein","LIE","Secure Internet servers","IT.NET.SECR","","","","","","","","","","","","","","","","","","","","","","","","","","","","","","","","","","","","","","","","","","","","","","","","","","","137","272","358","429","535","579","661","904","1333",
"Sri Lanka","LKA","Secure Internet servers","IT.NET.SECR","","","","","","","","","","","","","","","","","","","","","","","","","","","","","","","","","","","","","","","","","","","","","","","","","","","72","106","189","238","331","439","1507","6545","8937",
"Lower middle income","LMC","Secure Internet servers","IT.NET.SECR","","","","","","","","","","","","","","","","","","","","","","","","","","","","","","","","","","","","","","","","","","","","","","","","","","","","","","","","","","","",
"Low & middle income","LMY","Secure Internet servers","IT.NET.SECR","","","","","","","","","","","","","","","","","","","","","","","","","","","","","","","","","","","","","","","","","","","","","","","","","","","","","","","","","","","",
"Lesotho","LSO","Secure Internet servers","IT.NET.SECR","","","","","","","","","","","","","","","","","","","","","","","","","","","","","","","","","","","","","","","","","","","","","","","","","","","1","2","2","4","4","14","18","42","83",
"Late-demographic dividend","LTE","Secure Internet servers","IT.NET.SECR","","","","","","","","","","","","","","","","","","","","","","","","","","","","","","","","","","","","","","","","","","","","","","","","","","","","","","","","","","","",
"Lithuania","LTU","Secure Internet servers","IT.NET.SECR","","","","","","","","","","","","","","","","","","","","","","","","","","","","","","","","","","","","","","","","","","","","","","","","","","","549","757","1344","1882","2208","3443","12556","36934","51176",
"Luxembourg","LUX","Secure Internet servers","IT.NET.SECR","","","","","","","","","","","","","","","","","","","","","","","","","","","","","","","","","","","","","","","","","","","","","","","","","","","606","800","1232","1765","2511","3133","6678","25651","26234",
"Latvia","LVA","Secure Internet servers","IT.NET.SECR","","","","","","","","","","","","","","","","","","","","","","","","","","","","","","","","","","","","","","","","","","","","","","","","","","","477","673","1141","1430","1824","2596","5758","23206","27952",
"Macao SAR, China","MAC","Secure Internet servers","IT.NET.SECR","","","","","","","","","","","","","","","","","","","","","","","","","","","","","","","","","","","","","","","","","","","","","","","","","","","113","145","215","240","297","453","681","1108","1674",
"St. Martin (French part)","MAF","Secure Internet servers","IT.NET.SECR","","","","","","","","","","","","","","","","","","","","","","","","","","","","","","","","","","","","","","","","","","","","","","","","","","","0","0","1","2","2","4","12","9","11",
"Morocco","MAR","Secure Internet servers","IT.NET.SECR","","","","","","","","","","","","","","","","","","","","","","","","","","","","","","","","","","","","","","","","","","","","","","","","","","","51","76","113","182","244","328","859","10115","10655",
"Monaco","MCO","Secure Internet servers","IT.NET.SECR","","","","","","","","","","","","","","","","","","","","","","","","","","","","","","","","","","","","","","","","","","","","","","","","","","","28","51","82","143","155","208","273","373","412",
"Moldova","MDA","Secure Internet servers","IT.NET.SECR","","","","","","","","","","","","","","","","","","","","","","","","","","","","","","","","","","","","","","","","","","","","","","","","","","","38","69","130","168","237","361","1852","10071","10610",
"Madagascar","MDG","Secure Internet servers","IT.NET.SECR","","","","","","","","","","","","","","","","","","","","","","","","","","","","","","","","","","","","","","","","","","","","","","","","","","","6","9","15","16","27","39","76","126","143",
"Maldives","MDV","Secure Internet servers","IT.NET.SECR","","","","","","","","","","","","","","","","","","","","","","","","","","","","","","","","","","","","","","","","","","","","","","","","","","","9","11","30","33","41","53","101","209","270",
"Middle East & North Africa","MEA","Secure Internet servers","IT.NET.SECR","","","","","","","","","","","","","","","","","","","","","","","","","","","","","","","","","","","","","","","","","","","","","","","","","","","","","","","","","","","",
"Mexico","MEX","Secure Internet servers","IT.NET.SECR","","","","","","","","","","","","","","","","","","","","","","","","","","","","","","","","","","","","","","","","","","","","","","","","","","","1531","2001","3146","3756","4930","7054","14758","23144","28487",
"Marshall Islands","MHL","Secure Internet servers","IT.NET.SECR","","","","","","","","","","","","","","","","","","","","","","","","","","","","","","","","","","","","","","","","","","","","","","","","","","","1","3","2","1","2","1","3","6","8",
"Middle income","MIC","Secure Internet servers","IT.NET.SECR","","","","","","","","","","","","","","","","","","","","","","","","","","","","","","","","","","","","","","","","","","","","","","","","","","","","","","","","","","","",
"North Macedonia","MKD","Secure Internet servers","IT.NET.SECR","","","","","","","","","","","","","","","","","","","","","","","","","","","","","","","","","","","","","","","","","","","","","","","","","","","41","46","94","135","203","239","971","1037","968",
"Mali","MLI","Secure Internet servers","IT.NET.SECR","","","","","","","","","","","","","","","","","","","","","","","","","","","","","","","","","","","","","","","","","","","","","","","","","","","7","7","14","16","25","39","57","142","201",
"Malta","MLT","Secure Internet servers","IT.NET.SECR","","","","","","","","","","","","","","","","","","","","","","","","","","","","","","","","","","","","","","","","","","","","","","","","","","","686","849","1091","1108","1246","1570","1473","6600","6986",
"Myanmar","MMR","Secure Internet servers","IT.NET.SECR","","","","","","","","","","","","","","","","","","","","","","","","","","","","","","","","","","","","","","","","","","","","","","","","","","","1","1","5","9","37","55","1087","529","494",
"Middle East & North Africa (excluding high income)","MNA","Secure Internet servers","IT.NET.SECR","","","","","","","","","","","","","","","","","","","","","","","","","","","","","","","","","","","","","","","","","","","","","","","","","","","","","","","","","","","",
"Montenegro","MNE","Secure Internet servers","IT.NET.SECR","","","","","","","","","","","","","","","","","","","","","","","","","","","","","","","","","","","","","","","","","","","","","","","","","","","13","17","30","36","43","59","87","139","259",
"Mongolia","MNG","Secure Internet servers","IT.NET.SECR","","","","","","","","","","","","","","","","","","","","","","","","","","","","","","","","","","","","","","","","","","","","","","","","","","","25","35","81","117","174","225","1337","4755","5357",
"Northern Mariana Islands","MNP","Secure Internet servers","IT.NET.SECR","","","","","","","","","","","","","","","","","","","","","","","","","","","","","","","","","","","","","","","","","","","","","","","","","","","7","12","12","24","24","26","23","14","14",
"Mozambique","MOZ","Secure Internet servers","IT.NET.SECR","","","","","","","","","","","","","","","","","","","","","","","","","","","","","","","","","","","","","","","","","","","","","","","","","","","18","30","45","61","91","130","158","222","349",
"Mauritania","MRT","Secure Internet servers","IT.NET.SECR","","","","","","","","","","","","","","","","","","","","","","","","","","","","","","","","","","","","","","","","","","","","","","","","","","","6","4","1","2","1","14","14","18","24",
"Mauritius","MUS","Secure Internet servers","IT.NET.SECR","","","","","","","","","","","","","","","","","","","","","","","","","","","","","","","","","","","","","","","","","","","","","","","","","","","38","55","121","159","239","296","406","480","9926",
"Malawi","MWI","Secure Internet servers","IT.NET.SECR","","","","","","","","","","","","","","","","","","","","","","","","","","","","","","","","","","","","","","","","","","","","","","","","","","","3","5","20","23","31","38","90","184","279",
"Malaysia","MYS","Secure Internet servers","IT.NET.SECR","","","","","","","","","","","","","","","","","","","","","","","","","","","","","","","","","","","","","","","","","","","","","","","","","","","1267","1650","2948","3604","4513","7079","29017","152966","180124",
"North America","NAC","Secure Internet servers","IT.NET.SECR","","","","","","","","","","","","","","","","","","","","","","","","","","","","","","","","","","","","","","","","","","","","","","","","","","","","","","","","","","","",
"Namibia","NAM","Secure Internet servers","IT.NET.SECR","","","","","","","","","","","","","","","","","","","","","","","","","","","","","","","","","","","","","","","","","","","","","","","","","","","14","24","64","74","97","146","185","287","366",
"New Caledonia","NCL","Secure Internet servers","IT.NET.SECR","","","","","","","","","","","","","","","","","","","","","","","","","","","","","","","","","","","","","","","","","","","","","","","","","","","32","44","83","100","148","214","354","801","945",
"Niger","NER","Secure Internet servers","IT.NET.SECR","","","","","","","","","","","","","","","","","","","","","","","","","","","","","","","","","","","","","","","","","","","","","","","","","","","3","2","4","5","5","6","5","10","11",
"Nigeria","NGA","Secure Internet servers","IT.NET.SECR","","","","","","","","","","","","","","","","","","","","","","","","","","","","","","","","","","","","","","","","","","","","","","","","","","","102","155","290","382","528","643","8814","42529","36082",
"Nicaragua","NIC","Secure Internet servers","IT.NET.SECR","","","","","","","","","","","","","","","","","","","","","","","","","","","","","","","","","","","","","","","","","","","","","","","","","","","27","33","64","77","101","136","218","781","448",
"Netherlands","NLD","Secure Internet servers","IT.NET.SECR","","","","","","","","","","","","","","","","","","","","","","","","","","","","","","","","","","","","","","","","","","","","","","","","","","","34640","53432","81309","95253","121508","164806","410955","1206251","1733183",
"Norway","NOR","Secure Internet servers","IT.NET.SECR","","","","","","","","","","","","","","","","","","","","","","","","","","","","","","","","","","","","","","","","","","","","","","","","","","","7614","11560","15056","16312","18347","21242","36660","76899","110946",
"Nepal","NPL","Secure Internet servers","IT.NET.SECR","","","","","","","","","","","","","","","","","","","","","","","","","","","","","","","","","","","","","","","","","","","","","","","","","","","24","35","63","79","99","147","508","4372","5126",
"Nauru","NRU","Secure Internet servers","IT.NET.SECR","","","","","","","","","","","","","","","","","","","","","","","","","","","","","","","","","","","","","","","","","","","","","","","","","","","0","1","0","0","","","1","1","1",
"New Zealand","NZL","Secure Internet servers","IT.NET.SECR","","","","","","","","","","","","","","","","","","","","","","","","","","","","","","","","","","","","","","","","","","","","","","","","","","","6042","8913","12618","14188","15743","18074","30178","71815","86339",
"OECD members","OED","Secure Internet servers","IT.NET.SECR","","","","","","","","","","","","","","","","","","","","","","","","","","","","","","","","","","","","","","","","","","","","","","","","","","","","","","","","","","","",
"Oman","OMN","Secure Internet servers","IT.NET.SECR","","","","","","","","","","","","","","","","","","","","","","","","","","","","","","","","","","","","","","","","","","","","","","","","","","","62","81","212","281","401","497","573","662","757",
"Other small states","OSS","Secure Internet servers","IT.NET.SECR","","","","","","","","","","","","","","","","","","","","","","","","","","","","","","","","","","","","","","","","","","","","","","","","","","","","","","","","","","","",
"Pakistan","PAK","Secure Internet servers","IT.NET.SECR","","","","","","","","","","","","","","","","","","","","","","","","","","","","","","","","","","","","","","","","","","","","","","","","","","","106","146","240","328","479","680","6448","23923","23161",
"Panama","PAN","Secure Internet servers","IT.NET.SECR","","","","","","","","","","","","","","","","","","","","","","","","","","","","","","","","","","","","","","","","","","","","","","","","","","","488","617","877","990","1283","1217","2060","8835","8945",
"Peru","PER","Secure Internet servers","IT.NET.SECR","","","","","","","","","","","","","","","","","","","","","","","","","","","","","","","","","","","","","","","","","","","","","","","","","","","301","433","731","872","1130","1412","2243","6873","8232",
"Philippines","PHL","Secure Internet servers","IT.NET.SECR","","","","","","","","","","","","","","","","","","","","","","","","","","","","","","","","","","","","","","","","","","","","","","","","","","","474","674","1146","1233","1619","2139","4202","9239","9903",
"Palau","PLW","Secure Internet servers","IT.NET.SECR","","","","","","","","","","","","","","","","","","","","","","","","","","","","","","","","","","","","","","","","","","","","","","","","","","","0","0","1","3","2","3","3","4","15",
"Papua New Guinea","PNG","Secure Internet servers","IT.NET.SECR","","","","","","","","","","","","","","","","","","","","","","","","","","","","","","","","","","","","","","","","","","","","","","","","","","","11","18","47","60","88","109","123","262","429",
"Poland","POL","Secure Internet servers","IT.NET.SECR","","","","","","","","","","","","","","","","","","","","","","","","","","","","","","","","","","","","","","","","","","","","","","","","","","","5897","8655","15198","19695","25891","36309","94640","248163","616219",
"Pre-demographic dividend","PRE","Secure Internet servers","IT.NET.SECR","","","","","","","","","","","","","","","","","","","","","","","","","","","","","","","","","","","","","","","","","","","","","","","","","","","","","","","","","","","",
"Puerto Rico","PRI","Secure Internet servers","IT.NET.SECR","","","","","","","","","","","","","","","","","","","","","","","","","","","","","","","","","","","","","","","","","","","","","","","","","","","354","496","609","665","730","1106","1430","941","1229",
"Korea, Dem. People’s Rep.","PRK","Secure Internet servers","IT.NET.SECR","","","","","","","","","","","","","","","","","","","","","","","","","","","","","","","","","","","","","","","","","","","","","","","","","","","0","0","0","0","","","0","1","",
"Portugal","PRT","Secure Internet servers","IT.NET.SECR","","","","","","","","","","","","","","","","","","","","","","","","","","","","","","","","","","","","","","","","","","","","","","","","","","","1717","2256","3767","4420","5570","9336","32838","128391","164308",
"Paraguay","PRY","Secure Internet servers","IT.NET.SECR","","","","","","","","","","","","","","","","","","","","","","","","","","","","","","","","","","","","","","","","","","","","","","","","","","","38","54","96","154","219","271","418","1283","1728",
"West Bank and Gaza","PSE","Secure Internet servers","IT.NET.SECR","","","","","","","","","","","","","","","","","","","","","","","","","","","","","","","","","","","","","","","","","","","","","","","","","","","14","20","46","60","88","139","472","2440","2143",
"Pacific island small states","PSS","Secure Internet servers","IT.NET.SECR","","","","","","","","","","","","","","","","","","","","","","","","","","","","","","","","","","","","","","","","","","","","","","","","","","","","","","","","","","","",
"Post-demographic dividend","PST","Secure Internet servers","IT.NET.SECR","","","","","","","","","","","","","","","","","","","","","","","","","","","","","","","","","","","","","","","","","","","","","","","","","","","","","","","","","","","",
"French Polynesia","PYF","Secure Internet servers","IT.NET.SECR","","","","","","","","","","","","","","","","","","","","","","","","","","","","","","","","","","","","","","","","","","","","","","","","","","","17","21","35","42","49","58","72","165","206",
"Qatar","QAT","Secure Internet servers","IT.NET.SECR","","","","","","","","","","","","","","","","","","","","","","","","","","","","","","","","","","","","","","","","","","","","","","","","","","","115","193","380","486","691","923","963","1093","1103",
"Romania","ROU","Secure Internet servers","IT.NET.SECR","","","","","","","","","","","","","","","","","","","","","","","","","","","","","","","","","","","","","","","","","","","","","","","","","","","790","1227","2635","3515","4912","7158","67411","240048","310378",
"Russian Federation","RUS","Secure Internet servers","IT.NET.SECR","","","","","","","","","","","","","","","","","","","","","","","","","","","","","","","","","","","","","","","","","","","","","","","","","","","2442","4126","8245","11442","17310","46313","168007","511677","749930",
"Rwanda","RWA","Secure Internet servers","IT.NET.SECR","","","","","","","","","","","","","","","","","","","","","","","","","","","","","","","","","","","","","","","","","","","","","","","","","","","9","8","27","44","63","84","149","219","449",
"South Asia","SAS","Secure Internet servers","IT.NET.SECR","","","","","","","","","","","","","","","","","","","","","","","","","","","","","","","","","","","","","","","","","","","","","","","","","","","","","","","","","","","",
"Saudi Arabia","SAU","Secure Internet servers","IT.NET.SECR","","","","","","","","","","","","","","","","","","","","","","","","","","","","","","","","","","","","","","","","","","","","","","","","","","","359","577","1176","1556","2189","2836","3442","5521","5445",
"Sudan","SDN","Secure Internet servers","IT.NET.SECR","","","","","","","","","","","","","","","","","","","","","","","","","","","","","","","","","","","","","","","","","","","","","","","","","","","8","12","16","14","22","29","52","79","193",
"Senegal","SEN","Secure Internet servers","IT.NET.SECR","","","","","","","","","","","","","","","","","","","","","","","","","","","","","","","","","","","","","","","","","","","","","","","","","","","13","13","28","30","43","92","106","136","272",
"Singapore","SGP","Secure Internet servers","IT.NET.SECR","","","","","","","","","","","","","","","","","","","","","","","","","","","","","","","","","","","","","","","","","","","","","","","","","","","2699","4810","10088","13765","13915","19844","106879","329385","477674",
"Solomon Islands","SLB","Secure Internet servers","IT.NET.SECR","","","","","","","","","","","","","","","","","","","","","","","","","","","","","","","","","","","","","","","","","","","","","","","","","","","1","4","7","9","8","13","23","39","28",
"Sierra Leone","SLE","Secure Internet servers","IT.NET.SECR","","","","","","","","","","","","","","","","","","","","","","","","","","","","","","","","","","","","","","","","","","","","","","","","","","","3","4","9","7","5","7","11","14","",
"El Salvador","SLV","Secure Internet servers","IT.NET.SECR","","","","","","","","","","","","","","","","","","","","","","","","","","","","","","","","","","","","","","","","","","","","","","","","","","","84","99","139","175","216","286","331","393","582",
"San Marino","SMR","Secure Internet servers","IT.NET.SECR","","","","","","","","","","","","","","","","","","","","","","","","","","","","","","","","","","","","","","","","","","","","","","","","","","","30","37","50","69","94","112","156","635","2002",
"Somalia","SOM","Secure Internet servers","IT.NET.SECR","","","","","","","","","","","","","","","","","","","","","","","","","","","","","","","","","","","","","","","","","","","","","","","","","","","0","0","3","2","4","7","11","378","65",
"Serbia","SRB","Secure Internet servers","IT.NET.SECR","","","","","","","","","","","","","","","","","","","","","","","","","","","","","","","","","","","","","","","","","","","","","","","","","","","54","188","382","484","664","1001","3894","40739","48178",
"Sub-Saharan Africa (excluding high income)","SSA","Secure Internet servers","IT.NET.SECR","","","","","","","","","","","","","","","","","","","","","","","","","","","","","","","","","","","","","","","","","","","","","","","","","","","","","","","","","","","",
"South Sudan","SSD","Secure Internet servers","IT.NET.SECR","","","","","","","","","","","","","","","","","","","","","","","","","","","","","","","","","","","","","","","","","","","","","","","","","","","","","","","","0","1","2","15",
"Sub-Saharan Africa","SSF","Secure Internet servers","IT.NET.SECR","","","","","","","","","","","","","","","","","","","","","","","","","","","","","","","","","","","","","","","","","","","","","","","","","","","","","","","","","","","",
"Small states","SST","Secure Internet servers","IT.NET.SECR","","","","","","","","","","","","","","","","","","","","","","","","","","","","","","","","","","","","","","","","","","","","","","","","","","","","","","","","","","","",
"Sao Tome and Principe","STP","Secure Internet servers","IT.NET.SECR","","","","","","","","","","","","","","","","","","","","","","","","","","","","","","","","","","","","","","","","","","","","","","","","","","","0","1","1","2","2","3","3","8","12",
"Suriname","SUR","Secure Internet servers","IT.NET.SECR","","","","","","","","","","","","","","","","","","","","","","","","","","","","","","","","","","","","","","","","","","","","","","","","","","","6","10","15","19","37","60","79","115","168",
"Slovak Republic","SVK","Secure Internet servers","IT.NET.SECR","","","","","","","","","","","","","","","","","","","","","","","","","","","","","","","","","","","","","","","","","","","","","","","","","","","738","1074","1934","2673","3564","5795","17600","37877","70772",
"Slovenia","SVN","Secure Internet servers","IT.NET.SECR","","","","","","","","","","","","","","","","","","","","","","","","","","","","","","","","","","","","","","","","","","","","","","","","","","","684","1025","1990","2504","3213","4517","11628","40489","68476",
"Sweden","SWE","Secure Internet servers","IT.NET.SECR","","","","","","","","","","","","","","","","","","","","","","","","","","","","","","","","","","","","","","","","","","","","","","","","","","","11265","16174","22775","25830","30531","41234","61582","136977","189345",
"Eswatini","SWZ","Secure Internet servers","IT.NET.SECR","","","","","","","","","","","","","","","","","","","","","","","","","","","","","","","","","","","","","","","","","","","","","","","","","","","5","7","9","11","21","29","29","46","61",
"Sint Maarten (Dutch part)","SXM","Secure Internet servers","IT.NET.SECR","","","","","","","","","","","","","","","","","","","","","","","","","","","","","","","","","","","","","","","","","","","","","","","","","","","0","0","0","12","20","24","28","30","32",
"Seychelles","SYC","Secure Internet servers","IT.NET.SECR","","","","","","","","","","","","","","","","","","","","","","","","","","","","","","","","","","","","","","","","","","","","","","","","","","","6","14","20","32","36","94","2930","14874","25570",
"Syrian Arab Republic","SYR","Secure Internet servers","IT.NET.SECR","","","","","","","","","","","","","","","","","","","","","","","","","","","","","","","","","","","","","","","","","","","","","","","","","","","6","7","28","26","24","44","110","227","323",
"Turks and Caicos Islands","TCA","Secure Internet servers","IT.NET.SECR","","","","","","","","","","","","","","","","","","","","","","","","","","","","","","","","","","","","","","","","","","","","","","","","","","","3","8","10","28","31","30","33","28","28",
"Chad","TCD","Secure Internet servers","IT.NET.SECR","","","","","","","","","","","","","","","","","","","","","","","","","","","","","","","","","","","","","","","","","","","","","","","","","","","1","2","1","2","2","5","5","9","7",
"East Asia & Pacific (IDA & IBRD countries)","TEA","Secure Internet servers","IT.NET.SECR","","","","","","","","","","","","","","","","","","","","","","","","","","","","","","","","","","","","","","","","","","","","","","","","","","","","","","","","","","","",
"Europe & Central Asia (IDA & IBRD countries)","TEC","Secure Internet servers","IT.NET.SECR","","","","","","","","","","","","","","","","","","","","","","","","","","","","","","","","","","","","","","","","","","","","","","","","","","","","","","","","","","","",
"Togo","TGO","Secure Internet servers","IT.NET.SECR","","","","","","","","","","","","","","","","","","","","","","","","","","","","","","","","","","","","","","","","","","","","","","","","","","","1","2","3","6","18","22","26","35","61",
"Thailand","THA","Secure Internet servers","IT.NET.SECR","","","","","","","","","","","","","","","","","","","","","","","","","","","","","","","","","","","","","","","","","","","","","","","","","","","753","1022","2095","2649","3555","4768","10103","40023","66225",
"Tajikistan","TJK","Secure Internet servers","IT.NET.SECR","","","","","","","","","","","","","","","","","","","","","","","","","","","","","","","","","","","","","","","","","","","","","","","","","","","2","6","9","15","14","43","51","178","249",
"Turkmenistan","TKM","Secure Internet servers","IT.NET.SECR","","","","","","","","","","","","","","","","","","","","","","","","","","","","","","","","","","","","","","","","","","","","","","","","","","","1","1","3","2","4","12","11","26","35",
"Latin America & the Caribbean (IDA & IBRD countries)","TLA","Secure Internet servers","IT.NET.SECR","","","","","","","","","","","","","","","","","","","","","","","","","","","","","","","","","","","","","","","","","","","","","","","","","","","","","","","","","","","",
"Timor-Leste","TLS","Secure Internet servers","IT.NET.SECR","","","","","","","","","","","","","","","","","","","","","","","","","","","","","","","","","","","","","","","","","","","","","","","","","","","2","2","1","3","7","11","14","15","37",
"Middle East & North Africa (IDA & IBRD countries)","TMN","Secure Internet servers","IT.NET.SECR","","","","","","","","","","","","","","","","","","","","","","","","","","","","","","","","","","","","","","","","","","","","","","","","","","","","","","","","","","","",
"Tonga","TON","Secure Internet servers","IT.NET.SECR","","","","","","","","","","","","","","","","","","","","","","","","","","","","","","","","","","","","","","","","","","","","","","","","","","","1","1","3","3","4","11","14","21","18",
"South Asia (IDA & IBRD)","TSA","Secure Internet servers","IT.NET.SECR","","","","","","","","","","","","","","","","","","","","","","","","","","","","","","","","","","","","","","","","","","","","","","","","","","","","","","","","","","","",
"Sub-Saharan Africa (IDA & IBRD countries)","TSS","Secure Internet servers","IT.NET.SECR","","","","","","","","","","","","","","","","","","","","","","","","","","","","","","","","","","","","","","","","","","","","","","","","","","","","","","","","","","","",
"Trinidad and Tobago","TTO","Secure Internet servers","IT.NET.SECR","","","","","","","","","","","","","","","","","","","","","","","","","","","","","","","","","","","","","","","","","","","","","","","","","","","59","82","142","181","236","369","412","402","391",
"Tunisia","TUN","Secure Internet servers","IT.NET.SECR","","","","","","","","","","","","","","","","","","","","","","","","","","","","","","","","","","","","","","","","","","","","","","","","","","","66","82","117","170","225","214","1045","2450","3657",
"Turkey","TUR","Secure Internet servers","IT.NET.SECR","","","","","","","","","","","","","","","","","","","","","","","","","","","","","","","","","","","","","","","","","","","","","","","","","","","6245","8689","16733","20046","23067","28548","103855","271843","356867",
"Tuvalu","TUV","Secure Internet servers","IT.NET.SECR","","","","","","","","","","","","","","","","","","","","","","","","","","","","","","","","","","","","","","","","","","","","","","","","","","","","","","","","","","","1",
"Tanzania","TZA","Secure Internet servers","IT.NET.SECR","","","","","","","","","","","","","","","","","","","","","","","","","","","","","","","","","","","","","","","","","","","","","","","","","","","22","27","46","80","116","169","300","1241","1537",
"Uganda","UGA","Secure Internet servers","IT.NET.SECR","","","","","","","","","","","","","","","","","","","","","","","","","","","","","","","","","","","","","","","","","","","","","","","","","","","9","22","58","66","81","114","156","840","864",
"Ukraine","UKR","Secure Internet servers","IT.NET.SECR","","","","","","","","","","","","","","","","","","","","","","","","","","","","","","","","","","","","","","","","","","","","","","","","","","","567","958","1866","2458","3382","6403","85755","177005","268976",
"Upper middle income","UMC","Secure Internet servers","IT.NET.SECR","","","","","","","","","","","","","","","","","","","","","","","","","","","","","","","","","","","","","","","","","","","","","","","","","","","","","","","","","","","",
"Uruguay","URY","Secure Internet servers","IT.NET.SECR","","","","","","","","","","","","","","","","","","","","","","","","","","","","","","","","","","","","","","","","","","","","","","","","","","","120","197","285","386","537","635","1061","3793","5432",
"United States","USA","Secure Internet servers","IT.NET.SECR","","","","","","","","","","","","","","","","","","","","","","","","","","","","","","","","","","","","","","","","","","","","","","","","","","","767662","930471","1205823","1360046","1633177","2039539","3694357","9863566","21517004",
"Uzbekistan","UZB","Secure Internet servers","IT.NET.SECR","","","","","","","","","","","","","","","","","","","","","","","","","","","","","","","","","","","","","","","","","","","","","","","","","","","2","8","27","41","73","177","2221","6548","9193",
"St. Vincent and the Grenadines","VCT","Secure Internet servers","IT.NET.SECR","","","","","","","","","","","","","","","","","","","","","","","","","","","","","","","","","","","","","","","","","","","","","","","","","","","2","6","10","7","10","13","21","18","10",
"Venezuela, RB","VEN","Secure Internet servers","IT.NET.SECR","","","","","","","","","","","","","","","","","","","","","","","","","","","","","","","","","","","","","","","","","","","","","","","","","","","201","189","355","443","493","645","4421","8626","7956",
"British Virgin Islands","VGB","Secure Internet servers","IT.NET.SECR","","","","","","","","","","","","","","","","","","","","","","","","","","","","","","","","","","","","","","","","","","","","","","","","","","","17","22","76","260","442","1111","634","10516","9856",
"Virgin Islands (U.S.)","VIR","Secure Internet servers","IT.NET.SECR","","","","","","","","","","","","","","","","","","","","","","","","","","","","","","","","","","","","","","","","","","","","","","","","","","","30","52","68","73","67","57","90","113","92",
"Vietnam","VNM","Secure Internet servers","IT.NET.SECR","","","","","","","","","","","","","","","","","","","","","","","","","","","","","","","","","","","","","","","","","","","","","","","","","","","202","327","812","1286","1864","3033","26098","127584","169056",
"Vanuatu","VUT","Secure Internet servers","IT.NET.SECR","","","","","","","","","","","","","","","","","","","","","","","","","","","","","","","","","","","","","","","","","","","","","","","","","","","10","15","24","35","30","34","46","51","58",
"World","WLD","Secure Internet servers","IT.NET.SECR","","","","","","","","","","","","","","","","","","","","","","","","","","","","","","","","","","","","","","","","","","","","","","","","","","","","","","","","","","","",
"Samoa","WSM","Secure Internet servers","IT.NET.SECR","","","","","","","","","","","","","","","","","","","","","","","","","","","","","","","","","","","","","","","","","","","","","","","","","","","5","7","12","14","15","25","29","58","105",
"Kosovo","XKX","Secure Internet servers","IT.NET.SECR","","","","","","","","","","","","","","","","","","","","","","","","","","","","","","","","","","","","","","","","","","","","","","","","","","","","","","","","","","","",
"Yemen, Rep.","YEM","Secure Internet servers","IT.NET.SECR","","","","","","","","","","","","","","","","","","","","","","","","","","","","","","","","","","","","","","","","","","","","","","","","","","","5","7","13","24","36","37","39","94","107",
"South Africa","ZAF","Secure Internet servers","IT.NET.SECR","","","","","","","","","","","","","","","","","","","","","","","","","","","","","","","","","","","","","","","","","","","","","","","","","","","2667","4281","7539","9298","12102","15107","51575","537554","695336",
"Zambia","ZMB","Secure Internet servers","IT.NET.SECR","","","","","","","","","","","","","","","","","","","","","","","","","","","","","","","","","","","","","","","","","","","","","","","","","","","5","13","28","45","63","90","145","714","715",
"Zimbabwe","ZWE","Secure Internet servers","IT.NET.SECR","","","","","","","","","","","","","","","","","","","","","","","","","","","","","","","","","","","","","","","","","","","","","","","","","","","6","12","47","64","108","162","194","435","673",
